Name,Team,Number,Position,Age,Height,Weight,Salary,Altura_em_Metros
Avery Bradley,Boston Celtics,0.0,PG,25.0,6-2,180.0,7730337.0,1.88
Jae Crowder,Boston Celtics,99.0,SF,25.0,6-6,235.0,6796117.0,1.98
John Holland,Boston Celtics,30.0,SG,27.0,6-5,205.0,2839073.0,1.96
R.J. Hunter,Boston Celtics,28.0,SG,22.0,6-5,185.0,1148640.0,1.96
Jonas Jerebko,Boston Celtics,8.0,PF,29.0,6-10,231.0,5000000.0,2.08
Amir Johnson,Boston Celtics,90.0,PF,29.0,6-9,240.0,12000000.0,2.06
Jordan Mickey,Boston Celtics,55.0,PF,21.0,6-8,235.0,1170960.0,2.03
Kelly Olynyk,Boston Celtics,41.0,C,25.0,7-0,238.0,2165160.0,2.13
Terry Rozier,Boston Celtics,12.0,PG,22.0,6-2,190.0,1824360.0,1.88
Marcus Smart,Boston Celtics,36.0,PG,22.0,6-4,220.0,3431040.0,1.93
Jared Sullinger,Boston Celtics,7.0,C,24.0,6-9,260.0,2569260.0,2.06
Isaiah Thomas,Boston Celtics,4.0,PG,27.0,5-9,185.0,6912869.0,1.75
Evan Turner,Boston Celtics,11.0,SG,27.0,6-7,220.0,3425510.0,2.01
James Young,Boston Celtics,13.0,SG,20.0,6-6,215.0,1749840.0,1.98
Tyler Zeller,Boston Celtics,44.0,C,26.0,7-0,253.0,2616975.0,2.13
Bojan Bogdanovic,Brooklyn Nets,44.0,SG,27.0,6-8,216.0,3425510.0,2.03
Markel Brown,Brooklyn Nets,22.0,SG,24.0,6-3,190.0,845059.0,1.91
Wayne Ellington,Brooklyn Nets,21.0,SG,28.0,6-4,200.0,1500000.0,1.93
Rondae Hollis-Jefferson,Brooklyn Nets,24.0,SG,21.0,6-7,220.0,1335480.0,2.01
Jarrett Jack,Brooklyn Nets,2.0,PG,32.0,6-3,200.0,6300000.0,1.91
Sergey Karasev,Brooklyn Nets,10.0,SG,22.0,6-7,208.0,1599840.0,2.01
Sean Kilpatrick,Brooklyn Nets,6.0,SG,26.0,6-4,219.0,134215.0,1.93
Shane Larkin,Brooklyn Nets,0.0,PG,23.0,5-11,175.0,1500000.0,1.8
Brook Lopez,Brooklyn Nets,11.0,C,28.0,7-0,275.0,19689000.0,2.13
Chris McCullough,Brooklyn Nets,1.0,PF,21.0,6-11,200.0,1140240.0,2.11
Willie Reed,Brooklyn Nets,33.0,PF,26.0,6-10,220.0,947276.0,2.08
Thomas Robinson,Brooklyn Nets,41.0,PF,25.0,6-10,237.0,981348.0,2.08
Henry Sims,Brooklyn Nets,14.0,C,26.0,6-10,248.0,947276.0,2.08
Donald Sloan,Brooklyn Nets,15.0,PG,28.0,6-3,205.0,947276.0,1.91
Thaddeus Young,Brooklyn Nets,30.0,PF,27.0,6-8,221.0,11235955.0,2.03
Arron Afflalo,New York Knicks,4.0,SG,30.0,6-5,210.0,8000000.0,1.96
Lou Amundson,New York Knicks,17.0,PF,33.0,6-9,220.0,1635476.0,2.06
Thanasis Antetokounmpo,New York Knicks,43.0,SF,23.0,6-7,205.0,30888.0,2.01
Carmelo Anthony,New York Knicks,7.0,SF,32.0,6-8,240.0,22875000.0,2.03
Jose Calderon,New York Knicks,3.0,PG,34.0,6-3,200.0,7402812.0,1.91
Cleanthony Early,New York Knicks,11.0,SF,25.0,6-8,210.0,845059.0,2.03
Langston Galloway,New York Knicks,2.0,SG,24.0,6-2,200.0,845059.0,1.88
Jerian Grant,New York Knicks,13.0,PG,23.0,6-4,195.0,1572360.0,1.93
Robin Lopez,New York Knicks,8.0,C,28.0,7-0,255.0,12650000.0,2.13
Kyle O'Quinn,New York Knicks,9.0,PF,26.0,6-10,250.0,3750000.0,2.08
Kristaps Porzingis,New York Knicks,6.0,PF,20.0,7-3,240.0,4131720.0,2.21
Kevin Seraphin,New York Knicks,1.0,C,26.0,6-10,278.0,2814000.0,2.08
Lance Thomas,New York Knicks,42.0,SF,28.0,6-8,235.0,1636842.0,2.03
Sasha Vujacic,New York Knicks,18.0,SG,32.0,6-7,195.0,947276.0,2.01
Derrick Williams,New York Knicks,23.0,PF,25.0,6-8,240.0,4000000.0,2.03
Tony Wroten,New York Knicks,5.0,SG,23.0,6-6,205.0,167406.0,1.98
Elton Brand,Philadelphia 76ers,42.0,PF,37.0,6-9,254.0,2839073.0,2.06
Isaiah Canaan,Philadelphia 76ers,0.0,PG,25.0,6-0,201.0,947276.0,1.83
Robert Covington,Philadelphia 76ers,33.0,SF,25.0,6-9,215.0,1000000.0,2.06
Joel Embiid,Philadelphia 76ers,21.0,C,22.0,7-0,250.0,4626960.0,2.13
Jerami Grant,Philadelphia 76ers,39.0,SF,22.0,6-8,210.0,845059.0,2.03
Richaun Holmes,Philadelphia 76ers,22.0,PF,22.0,6-10,245.0,1074169.0,2.08
Carl Landry,Philadelphia 76ers,7.0,PF,32.0,6-9,248.0,6500000.0,2.06
Kendall Marshall,Philadelphia 76ers,5.0,PG,24.0,6-4,200.0,2144772.0,1.93
T.J. McConnell,Philadelphia 76ers,12.0,PG,24.0,6-2,200.0,525093.0,1.88
Nerlens Noel,Philadelphia 76ers,4.0,PF,22.0,6-11,228.0,3457800.0,2.11
Jahlil Okafor,Philadelphia 76ers,8.0,C,20.0,6-11,275.0,4582680.0,2.11
Ish Smith,Philadelphia 76ers,1.0,PG,27.0,6-0,175.0,947276.0,1.83
Nik Stauskas,Philadelphia 76ers,11.0,SG,22.0,6-6,205.0,2869440.0,1.98
Hollis Thompson,Philadelphia 76ers,31.0,SG,25.0,6-8,206.0,947276.0,2.03
Christian Wood,Philadelphia 76ers,35.0,PF,20.0,6-11,220.0,525093.0,2.11
Bismack Biyombo,Toronto Raptors,8.0,C,23.0,6-9,245.0,2814000.0,2.06
Bruno Caboclo,Toronto Raptors,20.0,SF,20.0,6-9,205.0,1524000.0,2.06
DeMarre Carroll,Toronto Raptors,5.0,SF,29.0,6-8,212.0,13600000.0,2.03
DeMar DeRozan,Toronto Raptors,10.0,SG,26.0,6-7,220.0,10050000.0,2.01
James Johnson,Toronto Raptors,3.0,PF,29.0,6-9,250.0,2500000.0,2.06
Cory Joseph,Toronto Raptors,6.0,PG,24.0,6-3,190.0,7000000.0,1.91
Kyle Lowry,Toronto Raptors,7.0,PG,30.0,6-0,205.0,12000000.0,1.83
Lucas Nogueira,Toronto Raptors,92.0,C,23.0,7-0,220.0,1842000.0,2.13
Patrick Patterson,Toronto Raptors,54.0,PF,27.0,6-9,235.0,6268675.0,2.06
Norman Powell,Toronto Raptors,24.0,SG,23.0,6-4,215.0,650000.0,1.93
Terrence Ross,Toronto Raptors,31.0,SF,25.0,6-7,195.0,3553917.0,2.01
Luis Scola,Toronto Raptors,4.0,PF,36.0,6-9,240.0,2900000.0,2.06
Jason Thompson,Toronto Raptors,1.0,PF,29.0,6-11,250.0,245177.0,2.11
Jonas Valanciunas,Toronto Raptors,17.0,C,24.0,7-0,255.0,4660482.0,2.13
Delon Wright,Toronto Raptors,55.0,PG,24.0,6-5,190.0,1509360.0,1.96
Leandro Barbosa,Golden State Warriors,19.0,SG,33.0,6-3,194.0,2500000.0,1.91
Harrison Barnes,Golden State Warriors,40.0,SF,24.0,6-8,225.0,3873398.0,2.03
Andrew Bogut,Golden State Warriors,12.0,C,31.0,7-0,260.0,13800000.0,2.13
Ian Clark,Golden State Warriors,21.0,SG,25.0,6-3,175.0,947276.0,1.91
Stephen Curry,Golden State Warriors,30.0,PG,28.0,6-3,190.0,11370786.0,1.91
Festus Ezeli,Golden State Warriors,31.0,C,26.0,6-11,265.0,2008748.0,2.11
Draymond Green,Golden State Warriors,23.0,PF,26.0,6-7,230.0,14260870.0,2.01
Andre Iguodala,Golden State Warriors,9.0,SF,32.0,6-6,215.0,11710456.0,1.98
Shaun Livingston,Golden State Warriors,34.0,PG,30.0,6-7,192.0,5543725.0,2.01
Kevon Looney,Golden State Warriors,36.0,SF,20.0,6-9,220.0,1131960.0,2.06
James Michael McAdoo,Golden State Warriors,20.0,SF,23.0,6-9,240.0,845059.0,2.06
Brandon Rush,Golden State Warriors,4.0,SF,30.0,6-6,220.0,1270964.0,1.98
Marreese Speights,Golden State Warriors,5.0,C,28.0,6-10,255.0,3815000.0,2.08
Klay Thompson,Golden State Warriors,11.0,SG,26.0,6-7,215.0,15501000.0,2.01
Anderson Varejao,Golden State Warriors,18.0,PF,33.0,6-11,273.0,289755.0,2.11
Cole Aldrich,Los Angeles Clippers,45.0,C,27.0,6-11,250.0,1100602.0,2.11
Jeff Ayres,Los Angeles Clippers,19.0,PF,29.0,6-9,250.0,111444.0,2.06
Jamal Crawford,Los Angeles Clippers,11.0,SG,36.0,6-5,195.0,5675000.0,1.96
Branden Dawson,Los Angeles Clippers,22.0,SF,23.0,6-6,225.0,525093.0,1.98
Jeff Green,Los Angeles Clippers,8.0,SF,29.0,6-9,235.0,9650000.0,2.06
Blake Griffin,Los Angeles Clippers,32.0,PF,27.0,6-10,251.0,18907726.0,2.08
Wesley Johnson,Los Angeles Clippers,33.0,SF,28.0,6-7,215.0,1100602.0,2.01
DeAndre Jordan,Los Angeles Clippers,6.0,C,27.0,6-11,265.0,19689000.0,2.11
Luc Richard Mbah a Moute,Los Angeles Clippers,12.0,PF,29.0,6-8,230.0,947276.0,2.03
Chris Paul,Los Angeles Clippers,3.0,PG,31.0,6-0,175.0,21468695.0,1.83
Paul Pierce,Los Angeles Clippers,34.0,SF,38.0,6-7,235.0,3376000.0,2.01
Pablo Prigioni,Los Angeles Clippers,9.0,PG,39.0,6-3,185.0,947726.0,1.91
JJ Redick,Los Angeles Clippers,4.0,SG,31.0,6-4,190.0,7085000.0,1.93
Austin Rivers,Los Angeles Clippers,25.0,PG,23.0,6-4,200.0,3110796.0,1.93
C.J. Wilcox,Los Angeles Clippers,30.0,SG,25.0,6-5,195.0,1159680.0,1.96
Brandon Bass,Los Angeles Lakers,2.0,PF,31.0,6-8,250.0,3000000.0,2.03
Tarik Black,Los Angeles Lakers,28.0,C,24.0,6-9,250.0,845059.0,2.06
Anthony Brown,Los Angeles Lakers,3.0,SF,23.0,6-7,210.0,700000.0,2.01
Kobe Bryant,Los Angeles Lakers,24.0,SF,37.0,6-6,212.0,25000000.0,1.98
Jordan Clarkson,Los Angeles Lakers,6.0,PG,24.0,6-5,194.0,845059.0,1.96
Roy Hibbert,Los Angeles Lakers,17.0,C,29.0,7-2,270.0,15592217.0,2.18
Marcelo Huertas,Los Angeles Lakers,9.0,PG,33.0,6-3,200.0,525093.0,1.91
Ryan Kelly,Los Angeles Lakers,4.0,PF,25.0,6-11,230.0,1724250.0,2.11
Larry Nance Jr.,Los Angeles Lakers,7.0,PF,23.0,6-9,230.0,1155600.0,2.06
Julius Randle,Los Angeles Lakers,30.0,PF,21.0,6-9,250.0,3132240.0,2.06
D'Angelo Russell,Los Angeles Lakers,1.0,PG,20.0,6-5,195.0,5103120.0,1.96
Robert Sacre,Los Angeles Lakers,50.0,C,27.0,7-0,270.0,981348.0,2.13
Louis Williams,Los Angeles Lakers,23.0,SG,29.0,6-1,175.0,7000000.0,1.85
Metta World Peace,Los Angeles Lakers,37.0,SF,36.0,6-7,260.0,947276.0,2.01
Nick Young,Los Angeles Lakers,0.0,SF,31.0,6-7,210.0,5219169.0,2.01
Eric Bledsoe,Phoenix Suns,2.0,PG,26.0,6-1,190.0,13500000.0,1.85
Devin Booker,Phoenix Suns,1.0,SG,19.0,6-6,206.0,2127840.0,1.98
Chase Budinger,Phoenix Suns,10.0,SF,28.0,6-7,209.0,206192.0,2.01
Tyson Chandler,Phoenix Suns,4.0,C,33.0,7-1,240.0,13000000.0,2.16
Archie Goodwin,Phoenix Suns,20.0,SG,21.0,6-5,200.0,1160160.0,1.96
John Jenkins,Phoenix Suns,23.0,SG,25.0,6-4,215.0,981348.0,1.93
Brandon Knight,Phoenix Suns,3.0,PG,24.0,6-3,189.0,13500000.0,1.91
Alex Len,Phoenix Suns,21.0,C,22.0,7-1,260.0,3807120.0,2.16
Jon Leuer,Phoenix Suns,30.0,PF,27.0,6-10,228.0,1035000.0,2.08
Phil Pressey,Phoenix Suns,25.0,PG,25.0,5-11,175.0,55722.0,1.8
Ronnie Price,Phoenix Suns,14.0,PG,32.0,6-2,190.0,947276.0,1.88
Mirza Teletovic,Phoenix Suns,35.0,PF,30.0,6-9,242.0,5500000.0,2.06
P.J. Tucker,Phoenix Suns,17.0,SF,31.0,6-6,245.0,5500000.0,1.98
T.J. Warren,Phoenix Suns,12.0,SF,22.0,6-8,230.0,2041080.0,2.03
Alan Williams,Phoenix Suns,15.0,C,23.0,6-8,260.0,83397.0,2.03
Quincy Acy,Sacramento Kings,13.0,SF,25.0,6-7,240.0,981348.0,2.01
James Anderson,Sacramento Kings,5.0,SG,27.0,6-6,213.0,1015421.0,1.98
Marco Belinelli,Sacramento Kings,3.0,SG,30.0,6-5,210.0,6060606.0,1.96
Caron Butler,Sacramento Kings,31.0,SF,36.0,6-7,228.0,1449187.0,2.01
Omri Casspi,Sacramento Kings,18.0,SF,27.0,6-9,225.0,2836186.0,2.06
Willie Cauley-Stein,Sacramento Kings,0.0,C,22.0,7-0,240.0,3398280.0,2.13
Darren Collison,Sacramento Kings,7.0,PG,28.0,6-0,175.0,5013559.0,1.83
DeMarcus Cousins,Sacramento Kings,15.0,C,25.0,6-11,270.0,15851950.0,2.11
Seth Curry,Sacramento Kings,30.0,SG,25.0,6-2,185.0,947276.0,1.88
Duje Dukan,Sacramento Kings,26.0,PF,24.0,6-9,220.0,525093.0,2.06
Rudy Gay,Sacramento Kings,8.0,SF,29.0,6-8,230.0,12403101.0,2.03
Kosta Koufos,Sacramento Kings,41.0,C,27.0,7-0,265.0,7700000.0,2.13
Ben McLemore,Sacramento Kings,23.0,SG,23.0,6-5,195.0,3156600.0,1.96
Eric Moreland,Sacramento Kings,25.0,PF,24.0,6-10,238.0,845059.0,2.08
Rajon Rondo,Sacramento Kings,9.0,PG,30.0,6-1,186.0,9500000.0,1.85
Cameron Bairstow,Chicago Bulls,41.0,PF,25.0,6-9,250.0,845059.0,2.06
Aaron Brooks,Chicago Bulls,0.0,PG,31.0,6-0,161.0,2250000.0,1.83
Jimmy Butler,Chicago Bulls,21.0,SG,26.0,6-7,220.0,16407500.0,2.01
Mike Dunleavy,Chicago Bulls,34.0,SG,35.0,6-9,230.0,4500000.0,2.06
Cristiano Felicio,Chicago Bulls,6.0,PF,23.0,6-10,275.0,525093.0,2.08
Pau Gasol,Chicago Bulls,16.0,C,35.0,7-0,250.0,7448760.0,2.13
Taj Gibson,Chicago Bulls,22.0,PF,30.0,6-9,225.0,8500000.0,2.06
Justin Holiday,Chicago Bulls,7.0,SG,27.0,6-6,185.0,947276.0,1.98
Doug McDermott,Chicago Bulls,3.0,SF,24.0,6-8,225.0,2380440.0,2.03
Nikola Mirotic,Chicago Bulls,44.0,PF,25.0,6-10,220.0,5543725.0,2.08
E'Twaun Moore,Chicago Bulls,55.0,SG,27.0,6-4,191.0,1015421.0,1.93
Joakim Noah,Chicago Bulls,13.0,C,31.0,6-11,232.0,13400000.0,2.11
Bobby Portis,Chicago Bulls,5.0,PF,21.0,6-11,230.0,1391160.0,2.11
Derrick Rose,Chicago Bulls,1.0,PG,27.0,6-3,190.0,20093064.0,1.91
Tony Snell,Chicago Bulls,20.0,SF,24.0,6-7,200.0,1535880.0,2.01
Matthew Dellavedova,Cleveland Cavaliers,8.0,PG,25.0,6-4,198.0,1147276.0,1.93
Channing Frye,Cleveland Cavaliers,9.0,PF,33.0,6-11,255.0,8193029.0,2.11
Kyrie Irving,Cleveland Cavaliers,2.0,PG,24.0,6-3,193.0,16407501.0,1.91
LeBron James,Cleveland Cavaliers,23.0,SF,31.0,6-8,250.0,22970500.0,2.03
Richard Jefferson,Cleveland Cavaliers,24.0,SF,35.0,6-7,233.0,947276.0,2.01
Dahntay Jones,Cleveland Cavaliers,30.0,SG,35.0,6-6,225.0,2839073.0,1.98
James Jones,Cleveland Cavaliers,1.0,SG,35.0,6-8,218.0,947276.0,2.03
Sasha Kaun,Cleveland Cavaliers,14.0,C,31.0,6-11,260.0,1276000.0,2.11
Kevin Love,Cleveland Cavaliers,0.0,PF,27.0,6-10,251.0,19689000.0,2.08
Jordan McRae,Cleveland Cavaliers,12.0,SG,25.0,6-5,179.0,111196.0,1.96
Timofey Mozgov,Cleveland Cavaliers,20.0,C,29.0,7-1,275.0,4950000.0,2.16
Iman Shumpert,Cleveland Cavaliers,4.0,SG,25.0,6-5,220.0,8988765.0,1.96
J.R. Smith,Cleveland Cavaliers,5.0,SG,30.0,6-6,225.0,5000000.0,1.98
Tristan Thompson,Cleveland Cavaliers,13.0,C,25.0,6-9,238.0,14260870.0,2.06
Mo Williams,Cleveland Cavaliers,52.0,PG,33.0,6-1,198.0,2100000.0,1.85
Joel Anthony,Detroit Pistons,50.0,C,33.0,6-9,245.0,2500000.0,2.06
Aron Baynes,Detroit Pistons,12.0,C,29.0,6-10,260.0,6500000.0,2.08
Steve Blake,Detroit Pistons,22.0,PG,36.0,6-3,172.0,2170465.0,1.91
Lorenzo Brown,Detroit Pistons,17.0,PG,25.0,6-5,189.0,111444.0,1.96
Reggie Bullock,Detroit Pistons,25.0,SF,25.0,6-7,205.0,1252440.0,2.01
Kentavious Caldwell-Pope,Detroit Pistons,5.0,SG,23.0,6-5,205.0,2891760.0,1.96
Spencer Dinwiddie,Detroit Pistons,8.0,PG,23.0,6-6,200.0,845059.0,1.98
Andre Drummond,Detroit Pistons,0.0,C,22.0,6-11,279.0,3272091.0,2.11
Tobias Harris,Detroit Pistons,34.0,SF,23.0,6-9,235.0,16000000.0,2.06
Darrun Hilliard,Detroit Pistons,6.0,SF,23.0,6-6,205.0,600000.0,1.98
Reggie Jackson,Detroit Pistons,1.0,PG,26.0,6-3,208.0,13913044.0,1.91
Stanley Johnson,Detroit Pistons,3.0,SF,20.0,6-7,245.0,2841960.0,2.01
Jodie Meeks,Detroit Pistons,20.0,SG,28.0,6-4,210.0,6270000.0,1.93
Marcus Morris,Detroit Pistons,13.0,PF,26.0,6-9,235.0,5000000.0,2.06
Anthony Tolliver,Detroit Pistons,43.0,PF,31.0,6-8,240.0,3000000.0,2.03
Lavoy Allen,Indiana Pacers,5.0,PF,27.0,6-9,255.0,4050000.0,2.06
Rakeem Christmas,Indiana Pacers,25.0,PF,24.0,6-9,250.0,1007026.0,2.06
Monta Ellis,Indiana Pacers,11.0,SG,30.0,6-3,185.0,10300000.0,1.91
Paul George,Indiana Pacers,13.0,SF,26.0,6-9,220.0,17120106.0,2.06
George Hill,Indiana Pacers,3.0,PG,30.0,6-3,188.0,8000000.0,1.91
Jordan Hill,Indiana Pacers,27.0,C,28.0,6-10,235.0,4000000.0,2.08
Solomon Hill,Indiana Pacers,44.0,SF,25.0,6-7,225.0,1358880.0,2.01
Ty Lawson,Indiana Pacers,10.0,PG,28.0,5-11,195.0,211744.0,1.8
Ian Mahinmi,Indiana Pacers,28.0,C,29.0,6-11,250.0,4000000.0,2.11
C.J. Miles,Indiana Pacers,0.0,SF,29.0,6-6,231.0,4394225.0,1.98
Glenn Robinson III,Indiana Pacers,40.0,SG,22.0,6-7,222.0,1100000.0,2.01
Rodney Stuckey,Indiana Pacers,2.0,PG,30.0,6-5,205.0,7000000.0,1.96
Myles Turner,Indiana Pacers,33.0,PF,20.0,6-11,243.0,2357760.0,2.11
Shayne Whittington,Indiana Pacers,42.0,PF,25.0,6-11,250.0,845059.0,2.11
Joe Young,Indiana Pacers,1.0,PG,23.0,6-2,180.0,1007026.0,1.88
Giannis Antetokounmpo,Milwaukee Bucks,34.0,SF,21.0,6-11,222.0,1953960.0,2.11
Jerryd Bayless,Milwaukee Bucks,19.0,PG,27.0,6-3,200.0,3000000.0,1.91
Michael Carter-Williams,Milwaukee Bucks,5.0,PG,24.0,6-6,190.0,2399040.0,1.98
Jared Cunningham,Milwaukee Bucks,9.0,SG,25.0,6-4,195.0,947276.0,1.93
Tyler Ennis,Milwaukee Bucks,11.0,PG,21.0,6-3,194.0,1662360.0,1.91
John Henson,Milwaukee Bucks,31.0,PF,25.0,6-11,229.0,2943221.0,2.11
Damien Inglis,Milwaukee Bucks,17.0,SF,21.0,6-8,246.0,855000.0,2.03
O.J. Mayo,Milwaukee Bucks,3.0,SG,28.0,6-5,210.0,8000000.0,1.96
Khris Middleton,Milwaukee Bucks,22.0,SG,24.0,6-8,234.0,14700000.0,2.03
Greg Monroe,Milwaukee Bucks,15.0,C,26.0,6-11,265.0,16407500.0,2.11
Steve Novak,Milwaukee Bucks,6.0,SF,32.0,6-10,225.0,295327.0,2.08
Johnny O'Bryant III,Milwaukee Bucks,77.0,PF,23.0,6-9,257.0,845059.0,2.06
Jabari Parker,Milwaukee Bucks,12.0,PF,21.0,6-8,250.0,5152440.0,2.03
Miles Plumlee,Milwaukee Bucks,18.0,C,27.0,6-11,249.0,2109294.0,2.11
Greivis Vasquez,Milwaukee Bucks,21.0,PG,29.0,6-6,217.0,6600000.0,1.98
Rashad Vaughn,Milwaukee Bucks,20.0,SG,19.0,6-6,202.0,1733040.0,1.98
Justin Anderson,Dallas Mavericks,1.0,SG,22.0,6-6,228.0,1449000.0,1.98
J.J. Barea,Dallas Mavericks,5.0,PG,31.0,6-0,185.0,4290000.0,1.83
Jeremy Evans,Dallas Mavericks,21.0,SF,28.0,6-9,200.0,1100602.0,2.06
Raymond Felton,Dallas Mavericks,2.0,PG,31.0,6-1,205.0,3950313.0,1.85
Devin Harris,Dallas Mavericks,34.0,PG,33.0,6-3,185.0,4053446.0,1.91
David Lee,Dallas Mavericks,42.0,PF,33.0,6-9,245.0,2085671.0,2.06
Wesley Matthews,Dallas Mavericks,23.0,SG,29.0,6-5,220.0,16407500.0,1.96
JaVale McGee,Dallas Mavericks,11.0,C,28.0,7-0,270.0,1270964.0,2.13
Salah Mejri,Dallas Mavericks,50.0,C,29.0,7-2,245.0,525093.0,2.18
Dirk Nowitzki,Dallas Mavericks,41.0,PF,37.0,7-0,245.0,8333334.0,2.13
Zaza Pachulia,Dallas Mavericks,27.0,C,32.0,6-11,275.0,5200000.0,2.11
Chandler Parsons,Dallas Mavericks,25.0,SF,27.0,6-10,230.0,15361500.0,2.08
Dwight Powell,Dallas Mavericks,7.0,PF,24.0,6-11,240.0,845059.0,2.11
Charlie Villanueva,Dallas Mavericks,3.0,PF,31.0,6-11,232.0,947276.0,2.11
Deron Williams,Dallas Mavericks,8.0,PG,31.0,6-3,200.0,5378974.0,1.91
Trevor Ariza,Houston Rockets,1.0,SF,30.0,6-8,215.0,8193030.0,2.03
Michael Beasley,Houston Rockets,8.0,SF,27.0,6-10,235.0,306527.0,2.08
Patrick Beverley,Houston Rockets,2.0,PG,27.0,6-1,185.0,6486486.0,1.85
Corey Brewer,Houston Rockets,33.0,SG,30.0,6-9,186.0,8229375.0,2.06
Clint Capela,Houston Rockets,15.0,PF,22.0,6-10,240.0,1242720.0,2.08
Sam Dekker,Houston Rockets,7.0,SF,22.0,6-9,230.0,1646400.0,2.06
Andrew Goudelock,Houston Rockets,0.0,PG,27.0,6-3,200.0,200600.0,1.91
James Harden,Houston Rockets,13.0,SG,26.0,6-5,220.0,15756438.0,1.96
Montrezl Harrell,Houston Rockets,35.0,PF,22.0,6-8,240.0,1000000.0,2.03
Dwight Howard,Houston Rockets,12.0,C,30.0,6-11,265.0,22359364.0,2.11
Terrence Jones,Houston Rockets,6.0,PF,24.0,6-9,252.0,2489530.0,2.06
K.J. McDaniels,Houston Rockets,32.0,SG,23.0,6-6,205.0,3189794.0,1.98
Donatas Motiejunas,Houston Rockets,20.0,PF,25.0,7-0,222.0,2288205.0,2.13
Josh Smith,Houston Rockets,5.0,C,30.0,6-9,225.0,947276.0,2.06
Jason Terry,Houston Rockets,31.0,SG,38.0,6-2,185.0,947276.0,1.88
Jordan Adams,Memphis Grizzlies,3.0,SG,21.0,6-5,209.0,1404600.0,1.96
Tony Allen,Memphis Grizzlies,9.0,SG,34.0,6-4,213.0,5158539.0,1.93
Chris Andersen,Memphis Grizzlies,7.0,PF,37.0,6-10,245.0,5000000.0,2.08
Matt Barnes,Memphis Grizzlies,22.0,SF,36.0,6-7,226.0,3542500.0,2.01
Vince Carter,Memphis Grizzlies,15.0,SG,39.0,6-6,220.0,4088019.0,1.98
Mike Conley,Memphis Grizzlies,11.0,PG,28.0,6-1,175.0,9588426.0,1.85
Bryce Cotton,Memphis Grizzlies,8.0,PG,23.0,6-1,165.0,700902.0,1.85
Jordan Farmar,Memphis Grizzlies,4.0,PG,29.0,6-2,180.0,2839073.0,1.88
Marc Gasol,Memphis Grizzlies,33.0,C,31.0,7-1,255.0,19688000.0,2.16
JaMychal Green,Memphis Grizzlies,0.0,PF,25.0,6-9,227.0,845059.0,2.06
P.J. Hairston,Memphis Grizzlies,19.0,SF,23.0,6-6,230.0,1201440.0,1.98
Jarell Martin,Memphis Grizzlies,10.0,PF,22.0,6-10,239.0,1230840.0,2.08
Ray McCallum,Memphis Grizzlies,5.0,PG,24.0,6-3,190.0,2839073.0,1.91
Xavier Munford,Memphis Grizzlies,14.0,PG,24.0,6-3,180.0,2839073.0,1.91
Zach Randolph,Memphis Grizzlies,50.0,PF,34.0,6-9,260.0,9638555.0,2.06
Lance Stephenson,Memphis Grizzlies,1.0,SF,25.0,6-5,230.0,9000000.0,1.96
Alex Stepheson,Memphis Grizzlies,35.0,PF,28.0,6-10,270.0,2839073.0,2.08
Brandan Wright,Memphis Grizzlies,34.0,PF,28.0,6-10,210.0,5464000.0,2.08
Alexis Ajinca,New Orleans Pelicans,42.0,C,28.0,7-2,248.0,4389607.0,2.18
Ryan Anderson,New Orleans Pelicans,33.0,PF,28.0,6-10,240.0,8500000.0,2.08
Omer Asik,New Orleans Pelicans,3.0,C,29.0,7-0,255.0,9213483.0,2.13
Luke Babbitt,New Orleans Pelicans,8.0,SF,26.0,6-9,225.0,1100602.0,2.06
Norris Cole,New Orleans Pelicans,30.0,PG,27.0,6-2,175.0,3036927.0,1.88
Dante Cunningham,New Orleans Pelicans,44.0,PF,29.0,6-8,230.0,2850000.0,2.03
Anthony Davis,New Orleans Pelicans,23.0,PF,23.0,6-10,253.0,7070730.0,2.08
Bryce Dejean-Jones,New Orleans Pelicans,31.0,SG,23.0,6-6,203.0,169883.0,1.98
Toney Douglas,New Orleans Pelicans,16.0,PG,30.0,6-2,195.0,1164858.0,1.88
James Ennis,New Orleans Pelicans,4.0,SF,25.0,6-7,210.0,845059.0,2.01
Tyreke Evans,New Orleans Pelicans,1.0,SG,26.0,6-6,220.0,10734586.0,1.98
Tim Frazier,New Orleans Pelicans,2.0,PG,25.0,6-1,170.0,845059.0,1.85
Alonzo Gee,New Orleans Pelicans,15.0,SF,29.0,6-6,225.0,1320000.0,1.98
Eric Gordon,New Orleans Pelicans,10.0,SG,27.0,6-4,215.0,15514031.0,1.93
Jordan Hamilton,New Orleans Pelicans,25.0,SG,25.0,6-7,220.0,1015421.0,2.01
Jrue Holiday,New Orleans Pelicans,11.0,PG,25.0,6-4,205.0,10595507.0,1.93
Orlando Johnson,New Orleans Pelicans,0.0,SG,27.0,6-5,220.0,55722.0,1.96
Kendrick Perkins,New Orleans Pelicans,5.0,C,31.0,6-10,270.0,947276.0,2.08
Quincy Pondexter,New Orleans Pelicans,20.0,SF,28.0,6-7,220.0,3382023.0,2.01
LaMarcus Aldridge,San Antonio Spurs,12.0,PF,30.0,6-11,240.0,19689000.0,2.11
Kyle Anderson,San Antonio Spurs,1.0,SF,22.0,6-9,230.0,1142880.0,2.06
Matt Bonner,San Antonio Spurs,15.0,C,36.0,6-10,235.0,947276.0,2.08
Boris Diaw,San Antonio Spurs,33.0,C,34.0,6-8,250.0,7500000.0,2.03
Tim Duncan,San Antonio Spurs,21.0,C,40.0,6-11,250.0,5250000.0,2.11
Manu Ginobili,San Antonio Spurs,20.0,SG,38.0,6-6,205.0,2814000.0,1.98
Danny Green,San Antonio Spurs,14.0,SG,28.0,6-6,215.0,10000000.0,1.98
Kawhi Leonard,San Antonio Spurs,2.0,SF,24.0,6-7,230.0,16407500.0,2.01
Boban Marjanovic,San Antonio Spurs,40.0,C,27.0,7-3,290.0,1200000.0,2.21
Kevin Martin,San Antonio Spurs,23.0,SG,33.0,6-7,199.0,200600.0,2.01
Andre Miller,San Antonio Spurs,24.0,PG,40.0,6-3,200.0,6875000.0,1.91
Patty Mills,San Antonio Spurs,8.0,PG,27.0,6-0,185.0,3578947.0,1.83
Tony Parker,San Antonio Spurs,9.0,PG,34.0,6-2,185.0,13437500.0,1.88
Jonathon Simmons,San Antonio Spurs,17.0,SG,26.0,6-6,195.0,525093.0,1.98
David West,San Antonio Spurs,30.0,PF,35.0,6-9,250.0,1499187.0,2.06
Kent Bazemore,Atlanta Hawks,24.0,SF,26.0,6-5,201.0,2000000.0,1.96
Tim Hardaway Jr.,Atlanta Hawks,10.0,SG,24.0,6-6,205.0,1304520.0,1.98
Kirk Hinrich,Atlanta Hawks,12.0,SG,35.0,6-4,190.0,2854940.0,1.93
Al Horford,Atlanta Hawks,15.0,C,30.0,6-10,245.0,12000000.0,2.08
Kris Humphries,Atlanta Hawks,43.0,PF,31.0,6-9,235.0,1000000.0,2.06
Kyle Korver,Atlanta Hawks,26.0,SG,35.0,6-7,212.0,5746479.0,2.01
Paul Millsap,Atlanta Hawks,4.0,PF,31.0,6-8,246.0,18671659.0,2.03
Mike Muscala,Atlanta Hawks,31.0,PF,24.0,6-11,240.0,947276.0,2.11
Lamar Patterson,Atlanta Hawks,13.0,SG,24.0,6-5,225.0,525093.0,1.96
Dennis Schroder,Atlanta Hawks,17.0,PG,22.0,6-1,172.0,1763400.0,1.85
Mike Scott,Atlanta Hawks,32.0,PF,27.0,6-8,237.0,3333333.0,2.03
Thabo Sefolosha,Atlanta Hawks,25.0,SF,32.0,6-7,220.0,4000000.0,2.01
Tiago Splitter,Atlanta Hawks,11.0,C,31.0,6-11,245.0,9756250.0,2.11
Walter Tavares,Atlanta Hawks,22.0,C,24.0,7-3,260.0,1000000.0,2.21
Jeff Teague,Atlanta Hawks,0.0,PG,27.0,6-2,186.0,8000000.0,1.88
Nicolas Batum,Charlotte Hornets,5.0,SG,27.0,6-8,200.0,13125306.0,2.03
Troy Daniels,Charlotte Hornets,30.0,SG,24.0,6-4,205.0,947276.0,1.93
Jorge Gutierrez,Charlotte Hornets,12.0,PG,27.0,6-3,189.0,189455.0,1.91
Tyler Hansbrough,Charlotte Hornets,50.0,PF,30.0,6-9,250.0,947276.0,2.06
Aaron Harrison,Charlotte Hornets,9.0,SG,21.0,6-6,210.0,525093.0,1.98
Spencer Hawes,Charlotte Hornets,0.0,PF,28.0,7-1,245.0,6110034.0,2.16
Al Jefferson,Charlotte Hornets,25.0,C,31.0,6-10,289.0,13500000.0,2.08
Frank Kaminsky III,Charlotte Hornets,44.0,C,23.0,7-0,240.0,2612520.0,2.13
Michael Kidd-Gilchrist,Charlotte Hornets,14.0,SF,22.0,6-7,232.0,6331404.0,2.01
Jeremy Lamb,Charlotte Hornets,3.0,SG,24.0,6-5,185.0,3034356.0,1.96
Courtney Lee,Charlotte Hornets,1.0,SG,30.0,6-5,200.0,5675000.0,1.96
Jeremy Lin,Charlotte Hornets,7.0,PG,27.0,6-3,200.0,2139000.0,1.91
Kemba Walker,Charlotte Hornets,15.0,PG,26.0,6-1,184.0,12000000.0,1.85
Marvin Williams,Charlotte Hornets,2.0,PF,29.0,6-9,237.0,7000000.0,2.06
Cody Zeller,Charlotte Hornets,40.0,C,23.0,7-0,240.0,4204200.0,2.13
Chris Bosh,Miami Heat,1.0,PF,32.0,6-11,235.0,22192730.0,2.11
Luol Deng,Miami Heat,9.0,SF,31.0,6-9,220.0,10151612.0,2.06
Goran Dragic,Miami Heat,7.0,PG,30.0,6-3,190.0,14783000.0,1.91
Gerald Green,Miami Heat,14.0,SF,30.0,6-7,205.0,947276.0,2.01
Udonis Haslem,Miami Heat,40.0,PF,36.0,6-8,235.0,2854940.0,2.03
Joe Johnson,Miami Heat,2.0,SF,34.0,6-7,240.0,261894.0,2.01
Tyler Johnson,Miami Heat,8.0,SG,24.0,6-4,186.0,845059.0,1.93
Josh McRoberts,Miami Heat,4.0,PF,29.0,6-10,240.0,5543725.0,2.08
Josh Richardson,Miami Heat,0.0,SG,22.0,6-6,200.0,525093.0,1.98
Amar'e Stoudemire,Miami Heat,5.0,PF,33.0,6-10,245.0,947276.0,2.08
Dwyane Wade,Miami Heat,3.0,SG,34.0,6-4,220.0,20000000.0,1.93
Briante Weber,Miami Heat,12.0,PG,23.0,6-2,165.0,2839073.0,1.88
Hassan Whiteside,Miami Heat,21.0,C,26.0,7-0,265.0,981348.0,2.13
Justise Winslow,Miami Heat,20.0,SF,20.0,6-7,225.0,2481720.0,2.01
Dorell Wright,Miami Heat,11.0,SF,30.0,6-9,205.0,2839073.0,2.06
Dewayne Dedmon,Orlando Magic,3.0,C,26.0,7-0,245.0,947276.0,2.13
Evan Fournier,Orlando Magic,10.0,SG,23.0,6-7,205.0,2288205.0,2.01
Aaron Gordon,Orlando Magic,0.0,PF,20.0,6-9,220.0,4171680.0,2.06
Mario Hezonja,Orlando Magic,23.0,SG,21.0,6-8,218.0,3741480.0,2.03
Ersan Ilyasova,Orlando Magic,7.0,PF,29.0,6-10,235.0,7900000.0,2.08
Brandon Jennings,Orlando Magic,55.0,PG,26.0,6-1,169.0,8344497.0,1.85
Devyn Marble,Orlando Magic,11.0,SF,23.0,6-6,200.0,845059.0,1.98
Shabazz Napier,Orlando Magic,13.0,PG,24.0,6-1,175.0,1294440.0,1.85
Andrew Nicholson,Orlando Magic,44.0,PF,26.0,6-9,250.0,2380593.0,2.06
Victor Oladipo,Orlando Magic,5.0,SG,24.0,6-4,210.0,5192520.0,1.93
Elfrid Payton,Orlando Magic,4.0,PG,22.0,6-4,185.0,2505720.0,1.93
Jason Smith,Orlando Magic,14.0,PF,30.0,7-0,240.0,4300000.0,2.13
Nikola Vucevic,Orlando Magic,9.0,C,25.0,7-0,260.0,11250000.0,2.13
C.J. Watson,Orlando Magic,32.0,PG,32.0,6-2,175.0,5000000.0,1.88
Alan Anderson,Washington Wizards,6.0,SG,33.0,6-6,220.0,4000000.0,1.98
Bradley Beal,Washington Wizards,3.0,SG,22.0,6-5,207.0,5694674.0,1.96
Jared Dudley,Washington Wizards,1.0,SF,30.0,6-7,225.0,4375000.0,2.01
Jarell Eddie,Washington Wizards,8.0,SG,24.0,6-7,218.0,561716.0,2.01
Drew Gooden,Washington Wizards,90.0,PF,34.0,6-10,250.0,3300000.0,2.08
Marcin Gortat,Washington Wizards,13.0,C,32.0,6-11,240.0,11217391.0,2.11
JJ Hickson,Washington Wizards,21.0,C,27.0,6-9,242.0,273038.0,2.06
Nene Hilario,Washington Wizards,42.0,C,33.0,6-11,250.0,13000000.0,2.11
Markieff Morris,Washington Wizards,5.0,PF,26.0,6-10,245.0,8000000.0,2.08
Kelly Oubre Jr.,Washington Wizards,12.0,SF,20.0,6-7,205.0,1920240.0,2.01
Otto Porter Jr.,Washington Wizards,22.0,SF,23.0,6-8,198.0,4662960.0,2.03
Ramon Sessions,Washington Wizards,7.0,PG,30.0,6-3,190.0,2170465.0,1.91
Garrett Temple,Washington Wizards,17.0,SG,30.0,6-6,195.0,1100602.0,1.98
Marcus Thornton,Washington Wizards,15.0,SF,29.0,6-4,205.0,200600.0,1.93
John Wall,Washington Wizards,2.0,PG,25.0,6-4,195.0,15851950.0,1.93
Darrell Arthur,Denver Nuggets,0.0,PF,28.0,6-9,235.0,2814000.0,2.06
D.J. Augustin,Denver Nuggets,12.0,PG,28.0,6-0,183.0,3000000.0,1.83
Will Barton,Denver Nuggets,5.0,SF,25.0,6-6,175.0,3533333.0,1.98
Wilson Chandler,Denver Nuggets,21.0,SF,29.0,6-8,225.0,10449438.0,2.03
Kenneth Faried,Denver Nuggets,35.0,PF,26.0,6-8,228.0,11235955.0,2.03
Danilo Gallinari,Denver Nuggets,8.0,SF,27.0,6-10,225.0,14000000.0,2.08
Gary Harris,Denver Nuggets,14.0,SG,21.0,6-4,210.0,1584480.0,1.93
Nikola Jokic,Denver Nuggets,15.0,C,21.0,6-10,250.0,1300000.0,2.08
Joffrey Lauvergne,Denver Nuggets,77.0,C,24.0,6-11,220.0,1709719.0,2.11
Mike Miller,Denver Nuggets,3.0,SG,36.0,6-8,218.0,947276.0,2.03
Emmanuel Mudiay,Denver Nuggets,0.0,PG,20.0,6-5,200.0,3102240.0,1.96
Jameer Nelson,Denver Nuggets,1.0,PG,34.0,6-0,190.0,4345000.0,1.83
Jusuf Nurkic,Denver Nuggets,23.0,C,21.0,7-0,280.0,1842000.0,2.13
JaKarr Sampson,Denver Nuggets,9.0,SG,23.0,6-9,214.0,258489.0,2.06
Axel Toupane,Denver Nuggets,6.0,SG,23.0,6-7,210.0,2839073.0,2.01
Nemanja Bjelica,Minnesota Timberwolves,88.0,PF,28.0,6-10,240.0,3950001.0,2.08
Gorgui Dieng,Minnesota Timberwolves,5.0,C,26.0,6-11,241.0,1474440.0,2.11
Kevin Garnett,Minnesota Timberwolves,21.0,PF,40.0,6-11,240.0,8500000.0,2.11
Tyus Jones,Minnesota Timberwolves,1.0,PG,20.0,6-2,195.0,1282080.0,1.88
Zach LaVine,Minnesota Timberwolves,8.0,PG,21.0,6-5,189.0,2148360.0,1.96
Shabazz Muhammad,Minnesota Timberwolves,15.0,SF,23.0,6-6,223.0,2056920.0,1.98
Adreian Payne,Minnesota Timberwolves,33.0,PF,25.0,6-10,237.0,1938840.0,2.08
Nikola Pekovic,Minnesota Timberwolves,14.0,C,30.0,6-11,307.0,12100000.0,2.11
Tayshaun Prince,Minnesota Timberwolves,12.0,SF,36.0,6-9,212.0,947276.0,2.06
Ricky Rubio,Minnesota Timberwolves,9.0,PG,25.0,6-4,194.0,12700000.0,1.93
Damjan Rudez,Minnesota Timberwolves,10.0,SF,29.0,6-9,230.0,1149500.0,2.06
Greg Smith,Minnesota Timberwolves,4.0,PF,25.0,6-10,250.0,2839073.0,2.08
Karl-Anthony Towns,Minnesota Timberwolves,32.0,C,20.0,7-0,244.0,5703600.0,2.13
Andrew Wiggins,Minnesota Timberwolves,22.0,SG,21.0,6-8,199.0,5758680.0,2.03
Steven Adams,Oklahoma City Thunder,12.0,C,22.0,7-0,255.0,2279040.0,2.13
Nick Collison,Oklahoma City Thunder,4.0,PF,35.0,6-10,255.0,3750000.0,2.08
Kevin Durant,Oklahoma City Thunder,35.0,SF,27.0,6-9,240.0,20158622.0,2.06
Randy Foye,Oklahoma City Thunder,6.0,SG,32.0,6-4,213.0,3135000.0,1.93
Josh Huestis,Oklahoma City Thunder,34.0,SF,24.0,6-7,230.0,1140240.0,2.01
Serge Ibaka,Oklahoma City Thunder,9.0,PF,26.0,6-10,245.0,12250000.0,2.08
Enes Kanter,Oklahoma City Thunder,11.0,C,24.0,6-11,245.0,16407500.0,2.11
Mitch McGary,Oklahoma City Thunder,33.0,PF,24.0,6-10,255.0,1463040.0,2.08
Nazr Mohammed,Oklahoma City Thunder,13.0,C,38.0,6-10,250.0,222888.0,2.08
Anthony Morrow,Oklahoma City Thunder,2.0,SG,30.0,6-5,210.0,3344000.0,1.96
Cameron Payne,Oklahoma City Thunder,22.0,PG,21.0,6-3,185.0,2021520.0,1.91
Andre Roberson,Oklahoma City Thunder,21.0,SG,24.0,6-7,210.0,1210800.0,2.01
Kyle Singler,Oklahoma City Thunder,5.0,SF,28.0,6-8,228.0,4500000.0,2.03
Dion Waiters,Oklahoma City Thunder,3.0,SG,24.0,6-4,220.0,5138430.0,1.93
Russell Westbrook,Oklahoma City Thunder,0.0,PG,27.0,6-3,200.0,16744218.0,1.91
Cliff Alexander,Portland Trail Blazers,34.0,PF,20.0,6-8,240.0,525093.0,2.03
Al-Farouq Aminu,Portland Trail Blazers,8.0,SF,25.0,6-9,215.0,8042895.0,2.06
Pat Connaughton,Portland Trail Blazers,5.0,SG,23.0,6-5,206.0,625093.0,1.96
Allen Crabbe,Portland Trail Blazers,23.0,SG,24.0,6-6,210.0,947276.0,1.98
Ed Davis,Portland Trail Blazers,17.0,C,27.0,6-10,240.0,6980802.0,2.08
Maurice Harkless,Portland Trail Blazers,4.0,SF,23.0,6-9,215.0,2894059.0,2.06
Gerald Henderson,Portland Trail Blazers,9.0,SG,28.0,6-5,215.0,6000000.0,1.96
Chris Kaman,Portland Trail Blazers,35.0,C,34.0,7-0,265.0,5016000.0,2.13
Meyers Leonard,Portland Trail Blazers,11.0,PF,24.0,7-1,245.0,3075880.0,2.16
Damian Lillard,Portland Trail Blazers,0.0,PG,25.0,6-3,195.0,4236287.0,1.91
C.J. McCollum,Portland Trail Blazers,3.0,SG,24.0,6-4,200.0,2525160.0,1.93
Luis Montero,Portland Trail Blazers,44.0,SG,23.0,6-7,185.0,525093.0,2.01
Mason Plumlee,Portland Trail Blazers,24.0,C,26.0,6-11,235.0,1415520.0,2.11
Brian Roberts,Portland Trail Blazers,2.0,PG,30.0,6-1,173.0,2854940.0,1.85
Noah Vonleh,Portland Trail Blazers,21.0,PF,20.0,6-9,240.0,2637720.0,2.06
Trevor Booker,Utah Jazz,33.0,PF,28.0,6-8,228.0,4775000.0,2.03
Trey Burke,Utah Jazz,3.0,PG,23.0,6-1,191.0,2658240.0,1.85
Alec Burks,Utah Jazz,10.0,SG,24.0,6-6,214.0,9463484.0,1.98
Dante Exum,Utah Jazz,11.0,PG,20.0,6-6,190.0,3777720.0,1.98
Derrick Favors,Utah Jazz,15.0,PF,24.0,6-10,265.0,12000000.0,2.08
Rudy Gobert,Utah Jazz,27.0,C,23.0,7-1,245.0,1175880.0,2.16
Gordon Hayward,Utah Jazz,20.0,SF,26.0,6-8,226.0,15409570.0,2.03
Rodney Hood,Utah Jazz,5.0,SG,23.0,6-8,206.0,1348440.0,2.03
Joe Ingles,Utah Jazz,2.0,SF,28.0,6-8,226.0,2050000.0,2.03
Chris Johnson,Utah Jazz,23.0,SF,26.0,6-6,206.0,981348.0,1.98
Trey Lyles,Utah Jazz,41.0,PF,20.0,6-10,234.0,2239800.0,2.08
Shelvin Mack,Utah Jazz,8.0,PG,26.0,6-3,203.0,2433333.0,1.91
Raul Neto,Utah Jazz,25.0,PG,24.0,6-1,179.0,900000.0,1.85
Tibor Pleiss,Utah Jazz,21.0,C,26.0,7-3,256.0,2900000.0,2.21
Jeff Withey,Utah Jazz,24.0,C,26.0,7-0,231.0,947276.0,2.13
